endpoint,sigma2_cross,sigma2_OQ,sigma2_scanner,s2_ci_lo,s2_ci_hi,scanner_wcv,scanner_wcv_lo,scanner_wcv_hi,oq_wcv,a_scanner_le_oq,b_ci_incl_0
Lumen Volume (mm³),0.01075,0.00561,0.00515,-0.00117,0.01173,7.18,0.00,10.86,7.5,YES,YES
Wall Volume (mm³),0.01751,0.01702,0.00050,-0.00938,0.01092,2.23,0.00,10.48,13.1,YES,YES
Vessel Volume (mm³),0.00825,0.00754,0.00071,-0.00338,0.00502,2.66,0.00,7.10,8.7,YES,YES
Vessel Length (mm),0.00000,0.02374,-0.02374,-0.02374,-0.02374,0.00,0.00,0.00,15.5,YES,YES
CALC Volume (mm³),0.00425,0.00202,0.00222,-0.00059,0.00545,4.72,0.00,7.40,4.5,NO,YES
LRNC Volume (mm³),0.00409,0.00291,0.00117,-0.00209,0.00636,3.43,0.00,7.99,5.4,YES,YES
NonCALC Matrix Volume (mm³),0.03396,0.01833,0.01563,0.00030,0.02989,12.55,1.75,17.42,13.6,YES,NO
Total Plaque Volume (mm³),0.02551,0.01727,0.00824,-0.00549,0.02151,9.10,0.00,14.75,13.2,YES,YES
